{
    "n_evaluated": 50,
    "n_correct": 37,
    "accuracy": 0.74,
    "per_class": {
        "A": {
            "total": 12,
            "correct": 10,
            "accuracy": 0.8333333333333334
        },
        "B": {
            "total": 7,
            "correct": 5,
            "accuracy": 0.7142857142857143
        },
        "C": {
            "total": 14,
            "correct": 9,
            "accuracy": 0.6428571428571429
        },
        "D": {
            "total": 7,
            "correct": 6,
            "accuracy": 0.8571428571428571
        },
        "E": {
            "total": 10,
            "correct": 7,
            "accuracy": 0.7
        }
    }
}